-- ─── Fundamentals App — Spreadsheet Import ─────────────────────────────────
-- Generated by scripts/import_xlsx.py
-- Paste into Supabase Dashboard → SQL Editor → Run

-- ═══ ACTIVITIES ════════════════════════════════════════════════════════════

-- cone-rescue
INSERT INTO public.activities
  (id, name, type, skill_cue, equipment, images, instructions, coaching_note, p1_note, extension, easier, harder)
VALUES (
  'cone-rescue',
  'Cone Rescue',
  'warmup',
  NULL,
  ARRAY['Cones','Markers']::TEXT[],
  ARRAY['cone-rescue.png']::TEXT[],
  ARRAY['Scatter cones around the area — some upright, some knocked over','First round: run around and touch as many cones as you can','Progress: use only your elbow, toe tap, or foot to stand fallen cones back upright — no hands!','Focus on balance as you right the cones','Optional: use a ball — dribble it around a cone before standing it up','Game: grown-ups gently side-kick cones over; children race to stand them back up']::TEXT[],
  NULL,
  NULL,
  ARRAY[]::TEXT[],
  NULL,
  'Use a smaller area or set a time challenge'
)
ON CONFLICT (id) DO UPDATE SET
  name          = EXCLUDED.name,
  type          = EXCLUDED.type,
  skill_cue     = EXCLUDED.skill_cue,
  equipment     = EXCLUDED.equipment,
  images        = EXCLUDED.images,
  instructions  = EXCLUDED.instructions,
  coaching_note = EXCLUDED.coaching_note,
  p1_note       = EXCLUDED.p1_note,
  extension     = EXCLUDED.extension,
  easier        = EXCLUDED.easier,
  harder        = EXCLUDED.harder,
  updated_at    = NOW();

-- tag-tails
INSERT INTO public.activities
  (id, name, type, skill_cue, equipment, images, instructions, coaching_note, p1_note, extension, easier, harder)
VALUES (
  'tag-tails',
  'Tag Tails',
  'warmup',
  NULL,
  ARRAY['Cones','Bibs']::TEXT[],
  ARRAY['tag-tails-diagram.png','tag-tails-image.png']::TEXT[],
  ARRAY['Mark out the playing area with cones','Coach tucks 3 bibs into their waistband — children chase to grab them','Each child gets 2 tails (bibs tucked into their shorts)','Round 1: parents wear tails, children chase. Then swap roles.','Once your tail is taken, you become a chaser']::TEXT[],
  NULL,
  NULL,
  ARRAY[]::TEXT[],
  'Use a larger area',
  'Use a smaller area or add a time limit'
)
ON CONFLICT (id) DO UPDATE SET
  name          = EXCLUDED.name,
  type          = EXCLUDED.type,
  skill_cue     = EXCLUDED.skill_cue,
  equipment     = EXCLUDED.equipment,
  images        = EXCLUDED.images,
  instructions  = EXCLUDED.instructions,
  coaching_note = EXCLUDED.coaching_note,
  p1_note       = EXCLUDED.p1_note,
  extension     = EXCLUDED.extension,
  easier        = EXCLUDED.easier,
  harder        = EXCLUDED.harder,
  updated_at    = NOW();

-- find-the-goal
INSERT INTO public.activities
  (id, name, type, skill_cue, equipment, images, instructions, coaching_note, p1_note, extension, easier, harder)
VALUES (
  'find-the-goal',
  'Find the Goal',
  'throwing',
  'I can roll (arm pulled back, and roll action)',
  ARRAY['Cones','Football','Markers','Giant Ball']::TEXT[],
  ARRAY['find-the-goal.png']::TEXT[],
  ARRAY['Set up area as shown — pairs of cone goals spread around the space','Children with grown-up: find a set of goals','Roll-pass the ball to your partner through the goal','Progress: take a step back from the goal every time you get 5 in a row','Next: move from goal to goal — the pair with the most goals wins!']::TEXT[],
  'Show the rolling action and encourage them to make the ball go further.',
  'Introduce correct pick-up technique.',
  ARRAY[]::TEXT[],
  NULL,
  NULL
)
ON CONFLICT (id) DO UPDATE SET
  name          = EXCLUDED.name,
  type          = EXCLUDED.type,
  skill_cue     = EXCLUDED.skill_cue,
  equipment     = EXCLUDED.equipment,
  images        = EXCLUDED.images,
  instructions  = EXCLUDED.instructions,
  coaching_note = EXCLUDED.coaching_note,
  p1_note       = EXCLUDED.p1_note,
  extension     = EXCLUDED.extension,
  easier        = EXCLUDED.easier,
  harder        = EXCLUDED.harder,
  updated_at    = NOW();

-- boulder-bowling
INSERT INTO public.activities
  (id, name, type, skill_cue, equipment, images, instructions, coaching_note, p1_note, extension, easier, harder)
VALUES (
  'boulder-bowling',
  'Boulder Bowling',
  'throwing',
  NULL,
  ARRAY['Giant Ball','Cones','Football','Markers']::TEXT[],
  ARRAY['boulder-bowling.png']::TEXT[],
  ARRAY['Set up the area as shown','Divide the group into 2 teams','Place the giant ball in the middle','Players throw or roll their own balls to try to move the giant ball to the other team''s end','Encourage fun throughout']::TEXT[],
  'Show the rolling action and encourage them to make the ball go further.',
  'Introduce correct pick-up technique.',
  ARRAY[]::TEXT[],
  NULL,
  NULL
)
ON CONFLICT (id) DO UPDATE SET
  name          = EXCLUDED.name,
  type          = EXCLUDED.type,
  skill_cue     = EXCLUDED.skill_cue,
  equipment     = EXCLUDED.equipment,
  images        = EXCLUDED.images,
  instructions  = EXCLUDED.instructions,
  coaching_note = EXCLUDED.coaching_note,
  p1_note       = EXCLUDED.p1_note,
  extension     = EXCLUDED.extension,
  easier        = EXCLUDED.easier,
  harder        = EXCLUDED.harder,
  updated_at    = NOW();

-- kick-for-goal
INSERT INTO public.activities
  (id, name, type, skill_cue, equipment, images, instructions, coaching_note, p1_note, extension, easier, harder)
VALUES (
  'kick-for-goal',
  'Kick for Goal',
  'kicking',
  'I can kick (swingy leg action)',
  ARRAY['Cones','Football','Markers']::TEXT[],
  ARRAY['kick-for-goal.png']::TEXT[],
  ARRAY['Players aim to kick the ball through the opponent''s goal','1 point for getting the ball between the goal markers','Opponent tries to prevent goals','Focus on the kicking action — and encourage fun!']::TEXT[],
  NULL,
  NULL,
  ARRAY['Demonstrate the kicking action','Plant your left foot beside the ball','Roll the ball off your right hand','Kick using the laces / top part of the right shoe, point toe forward','Try with the other foot for left-footed players']::TEXT[],
  NULL,
  NULL
)
ON CONFLICT (id) DO UPDATE SET
  name          = EXCLUDED.name,
  type          = EXCLUDED.type,
  skill_cue     = EXCLUDED.skill_cue,
  equipment     = EXCLUDED.equipment,
  images        = EXCLUDED.images,
  instructions  = EXCLUDED.instructions,
  coaching_note = EXCLUDED.coaching_note,
  p1_note       = EXCLUDED.p1_note,
  extension     = EXCLUDED.extension,
  easier        = EXCLUDED.easier,
  harder        = EXCLUDED.harder,
  updated_at    = NOW();

-- over-the-river
INSERT INTO public.activities
  (id, name, type, skill_cue, equipment, images, instructions, coaching_note, p1_note, extension, easier, harder)
VALUES (
  'over-the-river',
  'Over the River',
  'kicking',
  NULL,
  ARRAY['Cones','Markers','Football']::TEXT[],
  ARRAY['over-the-river.png']::TEXT[],
  ARRAY['Mark out 3 zones: two team end-zones and a middle "river" (approx 10m × 8m; river 3–6m wide depending on ability)','One team at each end — players must stay in their own end-zone','Kick the ball over the river to land in the opponent''s zone to score a point','Encourage fun — focus on the kicking action and which part of the foot to use','Progress: widen the river as skill improves']::TEXT[],
  'Demonstrate the kick and highlight which part of the foot to use.',
  'Show the follow-through — toes pointing forward, swing through the ball.',
  ARRAY[]::TEXT[],
  NULL,
  NULL
)
ON CONFLICT (id) DO UPDATE SET
  name          = EXCLUDED.name,
  type          = EXCLUDED.type,
  skill_cue     = EXCLUDED.skill_cue,
  equipment     = EXCLUDED.equipment,
  images        = EXCLUDED.images,
  instructions  = EXCLUDED.instructions,
  coaching_note = EXCLUDED.coaching_note,
  p1_note       = EXCLUDED.p1_note,
  extension     = EXCLUDED.extension,
  easier        = EXCLUDED.easier,
  harder        = EXCLUDED.harder,
  updated_at    = NOW();

-- parachute
INSERT INTO public.activities
  (id, name, type, skill_cue, equipment, images, instructions, coaching_note, p1_note, extension, easier, harder)
VALUES (
  'parachute',
  'Parachute',
  'cooldown',
  NULL,
  ARRAY['Parachute']::TEXT[],
  ARRAY['parachute.png']::TEXT[],
  ARRAY['Give each child a fruit name — use 4 different fruits','Walk around the circle and tell each child their fruit','Call out a fruit — those children run under and swap places','Call "Fruit Salad" — everyone swaps at once! Adults stay at edge to keep parachute up','Mushroom: everyone lift up and down together, then lift all the way over heads','Everyone sit on the edge at the same time — the inside creates a mushroom shape']::TEXT[],
  NULL,
  NULL,
  ARRAY[]::TEXT[],
  NULL,
  NULL
)
ON CONFLICT (id) DO UPDATE SET
  name          = EXCLUDED.name,
  type          = EXCLUDED.type,
  skill_cue     = EXCLUDED.skill_cue,
  equipment     = EXCLUDED.equipment,
  images        = EXCLUDED.images,
  instructions  = EXCLUDED.instructions,
  coaching_note = EXCLUDED.coaching_note,
  p1_note       = EXCLUDED.p1_note,
  extension     = EXCLUDED.extension,
  easier        = EXCLUDED.easier,
  harder        = EXCLUDED.harder,
  updated_at    = NOW();

-- mirrors
INSERT INTO public.activities
  (id, name, type, skill_cue, equipment, images, instructions, coaching_note, p1_note, extension, easier, harder)
VALUES (
  'mirrors',
  'Mirrors',
  'warmup',
  'Agility, balance and coordination',
  ARRAY['Cones','small dome cones']::TEXT[],
  ARRAY['Mirrors']::TEXT[],
  ARRAY['Child faces adult.','Child must follow what adult does.','If the adult touches their toes, child must also.','Change over roles']::TEXT[],
  'Use a child or parent as your partner to demo',
  NULL,
  ARRAY[]::TEXT[],
  'Slow down mirror to make easier',
  'Get adults to complete movements faster and challenge their child by jumping etc'
)
ON CONFLICT (id) DO UPDATE SET
  name          = EXCLUDED.name,
  type          = EXCLUDED.type,
  skill_cue     = EXCLUDED.skill_cue,
  equipment     = EXCLUDED.equipment,
  images        = EXCLUDED.images,
  instructions  = EXCLUDED.instructions,
  coaching_note = EXCLUDED.coaching_note,
  p1_note       = EXCLUDED.p1_note,
  extension     = EXCLUDED.extension,
  easier        = EXCLUDED.easier,
  harder        = EXCLUDED.harder,
  updated_at    = NOW();

-- crazy-cars
INSERT INTO public.activities
  (id, name, type, skill_cue, equipment, images, instructions, coaching_note, p1_note, extension, easier, harder)
VALUES (
  'crazy-cars',
  'Crazy cars',
  'warmup',
  'Agility, balance and coordination',
  ARRAY['Cones','small dome cones']::TEXT[],
  ARRAY['Crazy-cars']::TEXT[],
  ARRAY['Set up area as shown','Give each player a dome cone (car)','Players drive their car around the area','On coaches call, if they see a red cone (stop), green (run), yellow (walk)']::TEXT[],
  'Remind players to keep eyes up',
  NULL,
  ARRAY['Include reverse','Speed up']::TEXT[],
  'slow down',
  NULL
)
ON CONFLICT (id) DO UPDATE SET
  name          = EXCLUDED.name,
  type          = EXCLUDED.type,
  skill_cue     = EXCLUDED.skill_cue,
  equipment     = EXCLUDED.equipment,
  images        = EXCLUDED.images,
  instructions  = EXCLUDED.instructions,
  coaching_note = EXCLUDED.coaching_note,
  p1_note       = EXCLUDED.p1_note,
  extension     = EXCLUDED.extension,
  easier        = EXCLUDED.easier,
  harder        = EXCLUDED.harder,
  updated_at    = NOW();

-- NOTE: type corrected from 'warmup' → 'throwing' for space-invaders
-- space-invaders
INSERT INTO public.activities
  (id, name, type, skill_cue, equipment, images, instructions, coaching_note, p1_note, extension, easier, harder)
VALUES (
  'space-invaders',
  'Space Invaders',
  'throwing',
  'Agility, balance and coordination',
  ARRAY['Cones','hoops','balls']::TEXT[],
  ARRAY['Space-Invaders']::TEXT[],
  ARRAY['Mark out a grid 20mx20m','Place hoops on the ground at various points within the grid','On the whistle, each player moves around the grid in different directions, bouncing the ball after every 3 steps','Players must attempt to bounce the ball in as many hoops as possible in 1 minute','The ball should not be bounced in the same hoop twice in succession','The player who bounces the ball in the greatest number of hoops wins']::TEXT[],
  'Keep eyes on the ball when bouncing. Create a basket with fingers to catch the ball.',
  'Divide the players into teams and award team points (use bibs if helps). Allocate different points to different colour hoops',
  ARRAY['Bounce into a hoop to parent/partner standing at other side of hoop','Move from hoop to hoop bouncing into the hoop to partner','Increase distance stood from hoop']::TEXT[],
  NULL,
  NULL
)
ON CONFLICT (id) DO UPDATE SET
  name          = EXCLUDED.name,
  type          = EXCLUDED.type,
  skill_cue     = EXCLUDED.skill_cue,
  equipment     = EXCLUDED.equipment,
  images        = EXCLUDED.images,
  instructions  = EXCLUDED.instructions,
  coaching_note = EXCLUDED.coaching_note,
  p1_note       = EXCLUDED.p1_note,
  extension     = EXCLUDED.extension,
  easier        = EXCLUDED.easier,
  harder        = EXCLUDED.harder,
  updated_at    = NOW();

-- mariobowzers
INSERT INTO public.activities
  (id, name, type, skill_cue, equipment, images, instructions, coaching_note, p1_note, extension, easier, harder)
VALUES (
  'mariobowzers',
  'Mario&Bowzers',
  'throwing',
  'I can bounce',
  ARRAY['Cones','hoops','balls']::TEXT[],
  ARRAY['Mario-&-Bowsers']::TEXT[],
  ARRAY['Set up area as shown, each child has a ball','Children are Mario''s and bounce the ball on disc or in hoop for points/coins','Add in one Bowser with a bib','The Bowser aim is to tag other children or knock their ball away','if a child is tagged they lose their points and are back to zero','Play for 60 seconds to see how many points each has']::TEXT[],
  'change the Bowsers each go',
  'Use Space, Time, Equipment, rule change to adapt',
  ARRAY['Increase number of bowsers','increase space']::TEXT[],
  NULL,
  NULL
)
ON CONFLICT (id) DO UPDATE SET
  name          = EXCLUDED.name,
  type          = EXCLUDED.type,
  skill_cue     = EXCLUDED.skill_cue,
  equipment     = EXCLUDED.equipment,
  images        = EXCLUDED.images,
  instructions  = EXCLUDED.instructions,
  coaching_note = EXCLUDED.coaching_note,
  p1_note       = EXCLUDED.p1_note,
  extension     = EXCLUDED.extension,
  easier        = EXCLUDED.easier,
  harder        = EXCLUDED.harder,
  updated_at    = NOW();

-- dribble-through-the-minefield
INSERT INTO public.activities
  (id, name, type, skill_cue, equipment, images, instructions, coaching_note, p1_note, extension, easier, harder)
VALUES (
  'dribble-through-the-minefield',
  'Dribble through the minefield',
  'throwing',
  'I can bounce',
  ARRAY['Cones','small dome cones','balls']::TEXT[],
  ARRAY['Dribble-through-the-minefield']::TEXT[],
  ARRAY['Each player has a ball','Dribble the ball through the playing area avoiding the caps or domes','To vary, the players may be divided into groups; one or more groups navigate the minefield on a signal from the coach','Remind players to look up frequently to track the paths of the other players','Using both feet, use the front, the inside and the outside of the foot to control the ball']::TEXT[],
  NULL,
  NULL,
  ARRAY[]::TEXT[],
  NULL,
  NULL
)
ON CONFLICT (id) DO UPDATE SET
  name          = EXCLUDED.name,
  type          = EXCLUDED.type,
  skill_cue     = EXCLUDED.skill_cue,
  equipment     = EXCLUDED.equipment,
  images        = EXCLUDED.images,
  instructions  = EXCLUDED.instructions,
  coaching_note = EXCLUDED.coaching_note,
  p1_note       = EXCLUDED.p1_note,
  extension     = EXCLUDED.extension,
  easier        = EXCLUDED.easier,
  harder        = EXCLUDED.harder,
  updated_at    = NOW();

-- clear-the-circle
INSERT INTO public.activities
  (id, name, type, skill_cue, equipment, images, instructions, coaching_note, p1_note, extension, easier, harder)
VALUES (
  'clear-the-circle',
  'Clear the circle',
  'kicking',
  'I can kick (swingy leg action)',
  ARRAY['Cones','small dome cones','balls']::TEXT[],
  ARRAY['Clear-the-circle']::TEXT[],
  ARRAY['Set up the area as shown','Place a circle of cones in the middle of playing area with various balls inside','Place half the players inside the circle who are required to clear the circle of balls','Place the other half outside the circle who are required to ensure that all the balls are returned to the circle']::TEXT[],
  'children in the circle, parents outside so children get more kicking practice',
  NULL,
  ARRAY['kick out of hands','Introduce skills like solo, bounce, handpass']::TEXT[],
  NULL,
  NULL
)
ON CONFLICT (id) DO UPDATE SET
  name          = EXCLUDED.name,
  type          = EXCLUDED.type,
  skill_cue     = EXCLUDED.skill_cue,
  equipment     = EXCLUDED.equipment,
  images        = EXCLUDED.images,
  instructions  = EXCLUDED.instructions,
  coaching_note = EXCLUDED.coaching_note,
  p1_note       = EXCLUDED.p1_note,
  extension     = EXCLUDED.extension,
  easier        = EXCLUDED.easier,
  harder        = EXCLUDED.harder,
  updated_at    = NOW();

-- NOTE: type corrected from 'kicking' → 'cooldown' for rollerball
-- rollerball
INSERT INTO public.activities
  (id, name, type, skill_cue, equipment, images, instructions, coaching_note, p1_note, extension, easier, harder)
VALUES (
  'rollerball',
  'Rollerball',
  'cooldown',
  'I can kick (swingy leg action)',
  ARRAY['Cones','balls']::TEXT[],
  ARRAY['Rollerball']::TEXT[],
  ARRAY['Get all children to line up on one side of area','Give parents roller balls and get them to stand either side of the area','On whistle/ instruction, Children attempt to get across area without getting hit by the rollerballs','change rolls']::TEXT[],
  'agility, spatial awareness, jumping, running, throwing, rolling',
  NULL,
  ARRAY[]::TEXT[],
  NULL,
  NULL
)
ON CONFLICT (id) DO UPDATE SET
  name          = EXCLUDED.name,
  type          = EXCLUDED.type,
  skill_cue     = EXCLUDED.skill_cue,
  equipment     = EXCLUDED.equipment,
  images        = EXCLUDED.images,
  instructions  = EXCLUDED.instructions,
  coaching_note = EXCLUDED.coaching_note,
  p1_note       = EXCLUDED.p1_note,
  extension     = EXCLUDED.extension,
  easier        = EXCLUDED.easier,
  harder        = EXCLUDED.harder,
  updated_at    = NOW();


-- ═══ WEEK PLANS & SESSION SLOTS ════════════════════════════════════════════

-- Week 1: Rolling & Kicking
INSERT INTO public.week_plans (week_number, focus, layout_notes, is_active)
VALUES (1, 'Rolling & Kicking', ARRAY['Set up initially for Cone Rescue — then reuse the same area for Tag Tails, then again for Parachute','Set up Boulder Bowling in a separate zone','Set up Find the Goal — reuse this area for Kick for Goal','Set up Over the River in a separate zone','When moving between areas, give children a movement challenge (e.g. hop, bounce, sidestep). Use ladders to go between areas.']::TEXT[], true)
ON CONFLICT (week_number) DO UPDATE SET
  focus        = EXCLUDED.focus,
  layout_notes = EXCLUDED.layout_notes,
  is_active    = true;

DELETE FROM public.session_slots WHERE week_number = 1;

INSERT INTO public.session_slots (week_number, section, slot_order, activity_id) VALUES
  (1, 'warmup', 1, 'cone-rescue'),
  (1, 'warmup', 2, 'tag-tails'),
  (1, 'throwing', 1, 'find-the-goal'),
  (1, 'throwing', 2, 'boulder-bowling'),
  (1, 'kicking', 1, 'kick-for-goal'),
  (1, 'kicking', 2, 'over-the-river'),
  (1, 'cooldown', 1, 'parachute');

-- Week 2: Bouncing & Kicking
INSERT INTO public.week_plans (week_number, focus, layout_notes, is_active)
VALUES (2, 'Bouncing & Kicking', ARRAY['Use hurdles and spots to jumper over or on when going between areas.']::TEXT[], true)
ON CONFLICT (week_number) DO UPDATE SET
  focus        = EXCLUDED.focus,
  layout_notes = EXCLUDED.layout_notes,
  is_active    = true;

DELETE FROM public.session_slots WHERE week_number = 2;

INSERT INTO public.session_slots (week_number, section, slot_order, activity_id) VALUES
  (2, 'warmup', 1, 'mirrors'),
  (2, 'warmup', 2, 'crazy-cars'),
  (2, 'throwing', 1, 'space-invaders'),
  (2, 'throwing', 2, 'mariobowzers'),
  (2, 'kicking', 1, 'dribble-through-the-minefield'),
  (2, 'kicking', 2, 'clear-the-circle'),
  (2, 'cooldown', 1, 'rollerball');
